size,eps,count,num_samples,num_iterations,time_elapsed
10,40.0,1.8576106499010194e18,1012,30356,25.318768698466666
