size,eps,count,num_samples,num_iterations,time_elapsed
9,20.0,6.62422292674117e14,2592,25439,43.3730878459
