size,q,count,time_elapsed
2,15,7,0.0003495216369628906
3,15,63,0.010397911071777344
4,15,1234,0.42002105712890625
5,15,55447,106.94616937637329
