size,eps,count,num_samples,num_iterations,time_elapsed
8,20.0,7.20939882916e11,1568,18838,13.876859263966667
