size,q,eps,count,num_samples,num_iterations,time_elapsed
15,15.0,80.0,9.951716195018899e251,1378,4079,122.90227174360001
