size,q,eps,count,num_samples,num_iterations,time_elapsed
14,15.0,80.0,3.750238479770333e219,1035,3435,63.73212075866666
