size,q,eps,count,num_samples,num_iterations,time_elapsed
13,15.0,80.0,2.1268919967731538e189,760,2852,32.118517589166665
